child,child_state,prob
Humidity,low,0.40279162512462613
Humidity,medium,0.39980059820538383
Humidity,high,0.19740777666999004
